,Dataset,Model,Accuracy,Accuracy-std,F1-Score,F1-Score-std,AUC-Score,AUC-Score-std,Cohen-Kappa,Cohen-Kappa-std,MathewsCorrelationCoefficient,MathewsCorrelationCoefficient-std,Informedness,Informedness-std,fisher-pval-single,fisher-pval-sum,fisher-pval-median,fisher-pval-mean,fisher-pval-holm-bonferroni,corrected-ttest-pval-random,corrected-ttest-pval-majority,corrected-ttest-pval-prior,ttest-pval-random,ttest-pval-majority,ttest-pval-prior,wilcoxon-pval-random,wilcoxon-pval-majority,wilcoxon-pval-prior,fisher-pval-single-rejected,fisher-pval-sum-rejected,fisher-pval-median-rejected,fisher-pval-mean-rejected,fisher-pval-holm-bonferroni-rejected,corrected-ttest-pval-random-rejected,corrected-ttest-pval-majority-rejected,corrected-ttest-pval-prior-rejected,ttest-pval-random-rejected,ttest-pval-majority-rejected,ttest-pval-prior-rejected,wilcoxon-pval-random-rejected,wilcoxon-pval-majority-rejected,wilcoxon-pval-prior-rejected
0,0X00 In Pkcs#1 Padding (First 8 Bytes After 0X00 0X02),RandomClassifier,0.4931,0.0691,0.5281,0.0735,0.5,0.0,-0.012,0.1383,-0.0113,0.1442,-0.0118,0.1448,0.380129043595389,0.9051938480667692,0.851599012523813,0.7393682857819209,1.0,1.0,0.11237098852208618,0.7055170445935635,1.0,0.0029069082046104637,0.3931199716341175,1.0,0.009765625,0.3603613229883825,False,False,False,False,False,False,False,False,False,False,False,False,False,False
1,0X00 In Pkcs#1 Padding (First 8 Bytes After 0X00 0X02),MajorityVoting,0.5862,0.0,0.7391,0.0,0.5,0.0,0.0,0.0,0.0,0.0,0.0,0.0,1.0,1.0,1.0,1.0,1.0,0.11237098852208618,1.0,0.3336610574251987,0.0029069082046104637,1.0,0.043401381043309595,0.009765625,1.0,0.09573342756973639,False,False,False,False,False,False,False,False,False,False,False,False,False,False
2,0X00 In Pkcs#1 Padding (First 8 Bytes After 0X00 0X02),PriorClassifier,0.5207,0.0837,0.603,0.073,0.5,0.0,-0.0025,0.1766,-0.0028,0.1773,-0.0015,0.1762,0.3805927355357878,1.0,0.6986754742929286,0.6731600866233548,1.0,0.7055170445935635,0.3336610574251987,1.0,0.3931199716341175,0.043401381043309595,1.0,0.3603613229883825,0.09573342756973639,1.0,False,False,False,False,False,False,False,False,False,False,False,False,False,False
3,0X00 In Pkcs#1 Padding (First 8 Bytes After 0X00 0X02),LogisticRegression,1.0,0.0,1.0,0.0,1.0,0.0,1.0,0.0,1.0,0.0,1.0,0.0,5.975257849517532e-14,8.049010111114989e-85,1.9269331981396968e-08,1.9269331981396965e-08,1.926933198139697e-07,5.113140866802374e-06,1.0,3.796821739712678e-05,3.876158767423604e-09,1.0,3.4498616036912465e-08,0.001953125,0.001953125,0.001953125,True,True,True,True,True,True,False,True,True,False,True,False,False,False
4,0X00 In Pkcs#1 Padding (First 8 Bytes After 0X00 0X02),SGDClassifier,0.9966,0.0103,0.997,0.0091,1.0,0.0,0.993,0.0211,0.9932,0.0204,0.9941,0.0176,5.975257849517532e-14,9.73930223444848e-83,1.9269331981396968e-08,4.2392530359073364e-08,1.926933198139697e-07,4.52230758745603e-06,1.8834593024112688e-12,3.202141606219405e-05,3.3991425396026353e-09,1.0612540963439735e-15,2.854737828041463e-08,0.001953125,0.001953125,0.001953125,True,True,True,True,True,True,True,True,True,True,True,False,False,False
5,0X00 In Pkcs#1 Padding (First 8 Bytes After 0X00 0X02),RidgeClassifier,1.0,0.0,1.0,0.0,1.0,0.0,1.0,0.0,1.0,0.0,1.0,0.0,5.975257849517532e-14,8.049010111114989e-85,1.9269331981396968e-08,1.9269331981396965e-08,1.926933198139697e-07,5.113140866802374e-06,1.0,3.796821739712678e-05,3.876158767423604e-09,1.0,3.4498616036912465e-08,0.001953125,0.001953125,0.001953125,True,True,True,True,True,True,False,True,True,False,True,False,False,False
6,0X00 In Pkcs#1 Padding (First 8 Bytes After 0X00 0X02),LinearSVC,1.0,0.0,1.0,0.0,1.0,0.0,1.0,0.0,1.0,0.0,1.0,0.0,5.975257849517532e-14,8.049010111114989e-85,1.9269331981396968e-08,1.9269331981396965e-08,1.926933198139697e-07,5.113140866802374e-06,1.0,3.796821739712678e-05,3.876158767423604e-09,1.0,3.4498616036912465e-08,0.001953125,0.001953125,0.001953125,True,True,True,True,True,True,False,True,True,False,True,False,False,False
7,0X00 In Pkcs#1 Padding (First 8 Bytes After 0X00 0X02),DecisionTreeClassifier,0.8586,0.1741,0.8673,0.165,0.8902,0.1545,0.7132,0.3608,0.7243,0.3516,0.7196,0.3529,5.975257849517532e-14,1.327811333907678e-36,1.639820151616885e-05,0.11119816224527028,8.203918091079774e-05,0.010180778457391139,0.07155741663064921,0.033320415659480025,3.909192086440247e-05,0.0011293294036502262,0.0002693435402533096,0.001953125,0.005859375,0.001953125,True,True,True,False,True,False,False,False,True,True,True,False,False,False
8,0X00 In Pkcs#1 Padding (First 8 Bytes After 0X00 0X02),ExtraTreeClassifier,0.769,0.1851,0.7851,0.196,0.7909,0.2198,0.5257,0.3805,0.5375,0.3763,0.5299,0.3792,6.692349500079374e-06,1.3745738393347188e-19,0.0015350913322979927,0.25126442177022157,0.008303106977454016,0.14999896485126654,0.2297185251138164,0.14137803489290215,0.005587964976531755,0.015900630617547932,0.0048709153217039464,0.024265276173783466,0.032815858973437854,0.01781718875957871,True,True,True,False,True,False,False,False,True,False,True,False,False,False
9,0X00 In Pkcs#1 Padding (First 8 Bytes After 0X00 0X02),RandomForestClassifier,0.9966,0.0103,0.9971,0.0086,1.0,0.0,0.9928,0.0216,0.993,0.0209,0.9917,0.025,5.975257849517532e-14,1.376380729000434e-82,1.9269331981396968e-08,5.2027196349771896e-08,1.926933198139697e-07,4.52230758745603e-06,1.8834593024112688e-12,3.202141606219405e-05,3.3991425396026353e-09,1.0612540963439735e-15,2.854737828041463e-08,0.001953125,0.001953125,0.001953125,True,True,True,True,True,True,True,True,True,True,True,False,False,False
10,0X00 In Pkcs#1 Padding (First 8 Bytes After 0X00 0X02),ExtraTreesClassifier,1.0,0.0,1.0,0.0,1.0,0.0,1.0,0.0,1.0,0.0,1.0,0.0,5.975257849517532e-14,8.049010111114989e-85,1.9269331981396968e-08,1.9269331981396965e-08,1.926933198139697e-07,5.113140866802374e-06,1.0,3.796821739712678e-05,3.876158767423604e-09,1.0,3.4498616036912465e-08,0.001953125,0.001953125,0.001953125,True,True,True,True,True,True,False,True,True,False,True,False,False,False
11,0X00 In Pkcs#1 Padding (First 8 Bytes After 0X00 0X02),AdaBoostClassifier,1.0,0.0,1.0,0.0,1.0,0.0,1.0,0.0,1.0,0.0,1.0,0.0,5.975257849517532e-14,8.049010111114989e-85,1.9269331981396968e-08,1.9269331981396965e-08,1.926933198139697e-07,5.113140866802374e-06,1.0,3.796821739712678e-05,3.876158767423604e-09,1.0,3.4498616036912465e-08,0.001953125,0.001953125,0.001953125,True,True,True,True,True,True,False,True,True,False,True,False,False,False
12,0X00 In Pkcs#1 Padding (First 8 Bytes After 0X00 0X02),GradientBoostingClassifier,1.0,0.0,1.0,0.0,1.0,0.0,1.0,0.0,1.0,0.0,1.0,0.0,5.975257849517532e-14,8.049010111114989e-85,1.9269331981396968e-08,1.9269331981396965e-08,1.926933198139697e-07,5.113140866802374e-06,1.0,3.796821739712678e-05,3.876158767423604e-09,1.0,3.4498616036912465e-08,0.001953125,0.001953125,0.001953125,True,True,True,True,True,True,False,True,True,False,True,False,False,False
13,0X00 In Some Padding Byte,RandomClassifier,0.492,0.0567,0.4919,0.0906,0.5,0.0,-0.0149,0.109,-0.016,0.1128,-0.0154,0.1096,0.35495983842981793,0.8992893216591662,1.0,0.8304557813972273,1.0,1.0,0.5354718307102061,0.960866155933936,1.0,0.17268508962953896,0.9102098698386905,1.0,0.18831268948891666,0.9523030898373113,False,False,False,False,False,False,False,False,False,False,False,False,False,False
14,0X00 In Some Padding Byte,MajorityVoting,0.52,0.0,0.6842,0.0,0.5,0.0,0.0,0.0,0.0,0.0,0.0,0.0,1.0,1.0,1.0,1.0,1.0,0.5354718307102061,1.0,0.744807330391634,0.17268508962953896,1.0,0.4600489822709568,0.18831268948891666,1.0,0.5101829975196699,False,False,False,False,False,False,False,False,False,False,False,False,False,False
15,0X00 In Some Padding Byte,PriorClassifier,0.496,0.0933,0.4912,0.1279,0.5,0.0,-0.0063,0.1823,-0.0085,0.1872,-0.0071,0.183,0.02786184963332422,1.0,0.558237986270022,0.5930014806838065,1.0,0.960866155933936,0.744807330391634,1.0,0.9102098698386905,0.4600489822709568,1.0,0.9523030898373113,0.5101829975196699,1.0,False,False,False,False,False,False,False,False,False,False,False,False,False,False
16,0X00 In Some Padding Byte,LogisticRegression,0.468,0.0821,0.5533,0.1479,0.4019,0.0717,-0.084,0.1533,-0.0859,0.1558,-0.084,0.1533,1.0,0.1457106359733555,1.0,0.7258188181451072,1.0,0.8045888437040616,0.4297544449889752,0.789317097318949,0.5723726676649896,0.08978125959584292,0.5425520719530796,0.7249891792969088,0.13441657417036026,0.553403856847181,False,False,False,False,False,False,False,False,False,False,False,False,False,False
17,0X00 In Some Padding Byte,SGDClassifier,0.412,0.0781,0.4346,0.0854,0.3522,0.0709,-0.1796,0.1603,-0.193,0.1691,-0.1788,0.1595,0.5359017771400065,0.0053204125779850835,0.5617027863777091,0.5610750725919658,1.0,0.2987189818317307,0.10456419716039178,0.3488961851954806,0.03194773270349656,0.002485286229174292,0.049214947351562136,0.03798263464326016,0.008788803874677707,0.064453125,False,False,False,False,False,False,False,False,False,False,False,False,False,False
18,0X00 In Some Padding Byte,RidgeClassifier,0.404,0.0377,0.4073,0.0564,0.3673,0.0661,-0.1915,0.0785,-0.1948,0.0799,-0.1917,0.0784,1.0,0.003509056556943066,0.4310303251735479,0.4780196142530243,1.0,0.20244043095033373,0.003058420494411263,0.33310173057091236,0.011534870347430639,6.992072395885232e-06,0.043197828491207305,0.037090460227163724,0.001953125,0.0571446790125482,False,False,False,False,False,False,False,False,False,True,False,False,False,False
19,0X00 In Some Padding Byte,LinearSVC,0.436,0.0848,0.4001,0.089,0.3603,0.0816,-0.1227,0.176,-0.1268,0.1815,-0.1224,0.1759,0.745987814776985,0.0558002860712946,0.4310303251735479,0.5591674326481166,1.0,0.4614647108835581,0.2281479765064661,0.6090840996730666,0.11076492156976722,0.015622227684289796,0.2541919443320667,0.12256476432546977,0.023767701926011343,0.25997449371051173,False,False,False,False,False,False,False,False,False,False,False,False,False,False
20,0X00 In Some Padding Byte,DecisionTreeClassifier,0.536,0.0784,0.5767,0.0952,0.526,0.0827,0.0645,0.1576,0.0664,0.1616,0.0641,0.1566,0.7578617967686978,0.3052847736401335,1.0,0.7951918158567775,1.0,0.5404770933793509,0.7959662942511345,0.7388448881108343,0.177574935869403,0.5554454421055861,0.4495244840482082,0.21110534568480344,1.0,0.6770625436041271,False,False,False,False,False,False,False,False,False,False,False,False,False,False
21,0X00 In Some Padding Byte,ExtraTreeClassifier,0.528,0.0776,0.6106,0.0501,0.5269,0.1072,0.0381,0.1662,0.0393,0.1965,0.0397,0.168,1.0,0.5793130465572534,1.0,0.7731355883314424,1.0,0.5662197931299816,0.8958996228454585,0.6931101484807591,0.20420473732861538,0.7640411601083006,0.3731987726603282,0.2846242884625034,0.9427644026876507,0.3996564892080491,False,False,False,False,False,False,False,False,False,False,False,False,False,False
22,0X00 In Some Padding Byte,RandomForestClassifier,0.588,0.0801,0.6138,0.0744,0.6093,0.0725,0.1725,0.1621,0.174,0.1617,0.1724,0.1623,0.3264236319121142,0.007553986393995881,0.6839332346210796,0.5861186277714747,1.0,0.303626169694471,0.29669052189756917,0.38930544959086355,0.03340715311703344,0.03135800477587079,0.06732153892630635,0.04938938891204152,0.033449705707950236,0.05000563560015015,False,False,False,False,False,False,False,False,False,False,False,False,False,False
23,0X00 In Some Padding Byte,ExtraTreesClassifier,0.548,0.0595,0.5774,0.091,0.5349,0.0725,0.0915,0.1137,0.0988,0.1248,0.0904,0.1124,0.19931885546796396,0.1609885815964634,0.8475487952618123,0.7198016652885412,1.0,0.37553987635063324,0.5541452996343119,0.4400438494875827,0.06069426339475519,0.19140305469903676,0.09625036251160324,0.07331158795794018,0.22166801217700272,0.1471240986757617,False,False,False,False,False,False,False,False,False,False,False,False,False,False
24,0X00 In Some Padding Byte,AdaBoostClassifier,0.608,0.0873,0.6186,0.1052,0.6147,0.121,0.2139,0.1766,0.2194,0.1788,0.2141,0.1767,0.5203965733551472,0.0009478445107168662,0.41098398169336475,0.4170198834682621,1.0,0.08034915670845273,0.2207706629955134,0.28564418340094055,0.0014281625207030744,0.014360073738437479,0.02828220962082036,0.00915168885265007,0.04327042717606974,0.0583979067493014,False,True,False,False,False,False,False,False,False,False,False,False,False,False
25,0X00 In Some Padding Byte,GradientBoostingClassifier,0.596,0.092,0.5879,0.1201,0.6202,0.0936,0.194,0.1807,0.1952,0.1843,0.1942,0.1819,0.7373904792771298,0.0023948633391399398,0.3330259792704267,0.38814104955483364,1.0,0.30758059047896935,0.30910222297995116,0.19579222228879864,0.034617456116112326,0.0350914275641112,0.010613773553681346,0.048828125,0.064453125,0.013671875,False,False,False,False,False,False,False,False,False,False,False,False,False,False
26,0X00 On The Last Position  (|Pms| = 0),RandomClassifier,0.508,0.1103,0.4898,0.1078,0.5,0.0,0.0198,0.2219,0.0228,0.2276,0.0205,0.2235,0.5302649566194424,0.7992679779651549,0.5495759860008085,0.5477280926100421,1.0,1.0,0.8902806807189482,0.9331725403594404,1.0,0.7516938913470524,0.84725859190666,1.0,0.7226744573158725,1.0,False,False,False,False,False,False,False,False,False,False,False,False,False,False
27,0X00 On The Last Position  (|Pms| = 0),MajorityVoting,0.52,0.0,0.6842,0.0,0.5,0.0,0.0,0.0,0.0,0.0,0.0,0.0,1.0,1.0,1.0,1.0,1.0,0.8902806807189482,1.0,0.9458416629279601,0.7516938913470524,1.0,0.8759659087784053,0.7226744573158725,1.0,0.6206179464376897,False,False,False,False,False,False,False,False,False,False,False,False,False,False
28,0X00 On The Last Position  (|Pms| = 0),PriorClassifier,0.516,0.0747,0.5751,0.0793,0.5,0.0,0.0223,0.1492,0.0246,0.1544,0.0218,0.1478,1.0,0.7935976891801447,0.695097590523624,0.72916812491587,1.0,0.9331725403594404,0.9458416629279601,1.0,0.84725859190666,0.8759659087784053,1.0,1.0,0.6206179464376897,1.0,False,False,False,False,False,False,False,False,False,False,False,False,False,False
29,0X00 On The Last Position  (|Pms| = 0),LogisticRegression,0.472,0.0873,0.531,0.0971,0.4583,0.0904,-0.0665,0.1754,-0.0708,0.1829,-0.066,0.1742,0.6060037523452173,0.2982423520889125,0.6881679903082512,0.620295906005423,1.0,0.6963187129857307,0.49114599655040136,0.6523297441467819,0.3782936867429466,0.13332911185597912,0.31195252660184314,0.5286121252556879,0.15149399240422012,0.3415529664321467,False,False,False,False,False,False,False,False,False,False,False,False,False,False
30,0X00 On The Last Position  (|Pms| = 0),SGDClassifier,0.548,0.0717,0.515,0.103,0.5487,0.1038,0.1011,0.1401,0.1136,0.1557,0.1013,0.1397,1.0,0.12581784208339103,0.695097590523624,0.6695490644770496,1.0,0.7405639080383744,0.6224452170142043,0.6504115022933505,0.45254554406115177,0.2712461120822823,0.3092331926913367,0.375,0.3567656627860365,0.37341957891194966,False,False,False,False,False,False,False,False,False,False,False,False,False,False
31,0X00 On The Last Position  (|Pms| = 0),RidgeClassifier,0.476,0.0809,0.4906,0.0635,0.4827,0.0699,-0.0492,0.1667,-0.0519,0.1734,-0.0487,0.1653,0.5308286386714975,0.450603092395228,0.8475487952618123,0.7549251389342925,1.0,0.6931101484807591,0.4958399425192008,0.6668580114891565,0.3731987726603282,0.13716899746360448,0.3330211982889179,0.6953125,0.14343261961361004,0.6953125,False,False,False,False,False,False,False,False,False,False,False,False,False,False
32,0X00 On The Last Position  (|Pms| = 0),LinearSVC,0.484,0.1019,0.4679,0.1379,0.5199,0.1166,-0.0301,0.2019,-0.0224,0.2285,-0.0308,0.2007,1.0,0.7041072995428329,0.5532607734169188,0.5412997134780688,1.0,0.846496433057581,0.6557446154710425,0.7750158184305069,0.6577488003664362,0.3168296082476509,0.5153074856116864,0.921875,0.2591356815716146,0.9527235817670947,False,False,False,False,False,False,False,False,False,False,False,False,False,False
33,0X00 On The Last Position  (|Pms| = 0),DecisionTreeClassifier,0.54,0.0514,0.5616,0.0641,0.566,0.0819,0.0768,0.1045,0.079,0.1051,0.0769,0.1047,0.09309872724506851,0.25360162587971075,0.6916327904159372,0.7351847778012808,1.0,0.7433893783894567,0.6237215648409957,0.7776667667923134,0.4575344368733193,0.2729122150940371,0.5203065629049557,0.48330324160257043,0.4402662823371424,0.2863205967930593,False,False,False,False,False,False,False,False,False,False,False,False,False,False
34,0X00 On The Last Position  (|Pms| = 0),ExtraTreeClassifier,0.544,0.0898,0.5855,0.0904,0.5561,0.0889,0.0809,0.1822,0.0859,0.1845,0.0808,0.1817,1.0,0.20078906042018907,0.632906178489703,0.5340881295309887,1.0,0.7227455564900225,0.7353018404227667,0.7481388717709596,0.42175840911137286,0.44333185016966004,0.4659855108799461,0.322265625,0.4736840743269951,0.40023614435907173,False,False,False,False,False,False,False,False,False,False,False,False,False,False
35,0X00 On The Last Position  (|Pms| = 0),RandomForestClassifier,0.54,0.0675,0.5725,0.0685,0.5522,0.099,0.0746,0.1393,0.0735,0.1438,0.075,0.1395,0.20816092687277463,0.25216176448459465,0.6950975905236234,0.6969564832798107,1.0,0.7531033281886416,0.708126133350317,0.7533576451292157,0.4749054375091042,0.397384538844923,0.4753647439173332,0.5923264831408026,0.6698153575994166,0.4400622899584924,False,False,False,False,False,False,False,False,False,False,False,False,False,False
36,0X00 On The Last Position  (|Pms| = 0),ExtraTreesClassifier,0.5,0.06,0.5279,0.0674,0.4554,0.0375,-0.004,0.121,-0.0018,0.1239,-0.0038,0.1208,0.35495983842981793,1.0,0.6881679903082512,0.7233989577524376,1.0,0.9404957830101244,0.6738356425772043,0.7959662942511343,0.8638314242770816,0.34343639613791355,0.5554454421055857,1.0,0.232421875,0.6236388261276493,False,False,False,False,False,False,False,False,False,False,False,False,False,False
37,0X00 On The Last Position  (|Pms| = 0),AdaBoostClassifier,0.564,0.0768,0.5757,0.0868,0.6337,0.0831,0.1239,0.1648,0.1194,0.191,0.1256,0.1645,0.12199809891554084,0.057053700497164295,0.43375266811530166,0.5279477337845898,1.0,0.6667109185762556,0.4739990689951493,0.5674387062964741,0.3328037048036334,0.11993750720434358,0.20552791510383492,0.44046508860298905,0.1355147945267819,0.2924355944685362,False,False,False,False,False,False,False,False,False,False,False,False,False,False
38,0X00 On The Last Position  (|Pms| = 0),GradientBoostingClassifier,0.524,0.1138,0.5735,0.1267,0.5455,0.1287,0.0392,0.2266,0.0495,0.2398,0.0385,0.2256,1.0,0.6021656900100114,0.5084183604792031,0.5541059746553083,1.0,0.8930354890514565,0.9644101044559603,0.9473272374351938,0.7577400727729553,0.9183127754180912,0.879343032025608,0.76953125,1.0,0.921875,False,False,False,False,False,False,False,False,False,False,False,False,False,False
39,0X00 On The Next To Last Position (|Pms| = 1),RandomClassifier,0.4857,0.1062,0.5414,0.0724,0.5,0.0,-0.0458,0.2365,-0.0468,0.2437,-0.0417,0.2351,0.5524668299876405,0.544836573781096,0.27605843252632856,0.42688633841144313,1.0,1.0,0.31965682674686446,0.8856531026049606,1.0,0.038508056925759315,0.7415700828676539,1.0,0.056925140231394014,0.6770625436041271,False,False,False,False,False,False,False,False,False,False,False,False,False,False
40,0X00 On The Next To Last Position (|Pms| = 1),MajorityVoting,0.5714,0.0,0.7273,0.0,0.5,0.0,0.0,0.0,0.0,0.0,0.0,0.0,1.0,1.0,1.0,1.0,1.0,0.31965682674686446,1.0,0.3760987409815917,0.038508056925759315,1.0,0.060953807736283595,0.056925140231394014,1.0,0.07599145580044094,False,False,False,False,False,False,False,False,False,False,False,False,False,False
41,0X00 On The Next To Last Position (|Pms| = 1),PriorClassifier,0.5036,0.0951,0.5604,0.0971,0.5,0.0,-0.0119,0.1899,-0.012,0.1911,-0.0125,0.1896,0.534985921826533,0.9030867760249441,0.7021710285945042,0.6292213910735922,1.0,0.8856531026049606,0.3760987409815917,1.0,0.7415700828676539,0.060953807736283595,1.0,0.6770625436041271,0.07599145580044094,1.0,False,False,False,False,False,False,False,False,False,False,False,False,False,False
42,0X00 On The Next To Last Position (|Pms| = 1),LogisticRegression,0.5286,0.0655,0.5722,0.0986,0.4958,0.0459,0.0421,0.1259,0.0442,0.1293,0.0417,0.1236,0.5085596900684843,0.5436348622243619,0.7034119826420278,0.6962894875722984,1.0,0.6444859952287791,0.41512936711057014,0.7702671852784365,0.3009252792290568,0.08112618884584083,0.506411834506149,0.32639577651464435,0.12210398539050586,0.40528837876011625,False,False,False,False,False,False,False,False,False,False,False,False,False,False
43,0X00 On The Next To Last Position (|Pms| = 1),SGDClassifier,0.5321,0.0881,0.5715,0.1084,0.487,0.1042,0.0542,0.1725,0.0535,0.1764,0.0542,0.1739,0.07157785293950955,0.3976077501258119,0.5748826456593314,0.5797204862112662,1.0,0.7048011792441209,0.5750866527265825,0.7985060170722187,0.3919544402263512,0.21396011317404656,0.5604071835280766,0.40694121691803053,0.23107319627794864,0.7262861488788049,False,False,False,False,False,False,False,False,False,False,False,False,False,False
44,0X00 On The Next To Last Position (|Pms| = 1),RidgeClassifier,0.5179,0.0736,0.5574,0.087,0.5266,0.0797,0.0276,0.1412,0.0286,0.1447,0.0271,0.1416,0.037517276630250826,0.7168096296134603,0.8510855142972521,0.7113540030810189,1.0,0.7174699720374601,0.36719494325550206,0.9032830184481928,0.4128696799593926,0.05691230641888833,0.7803523356242351,0.2924355944685362,0.09573342756973639,1.0,False,False,False,False,False,False,False,False,False,False,False,False,False,False
45,0X00 On The Next To Last Position (|Pms| = 1),LinearSVC,0.525,0.0715,0.5638,0.0967,0.5323,0.0889,0.0398,0.1332,0.0376,0.138,0.0396,0.1358,1.0,0.5457425195430086,0.7099269913915227,0.7010231461005458,1.0,0.6765938013343096,0.41888859108475773,0.7573227668543954,0.34760621208596454,0.08329148695657178,0.48255546999297183,0.406116478219557,0.07599145580044094,0.46183801815063774,False,False,False,False,False,False,False,False,False,False,False,False,False,False
46,0X00 On The Next To Last Position (|Pms| = 1),DecisionTreeClassifier,0.4714,0.0929,0.4564,0.2305,0.4729,0.0842,-0.0552,0.1445,-0.0629,0.1652,-0.0604,0.1469,0.7475637861344014,0.33576542052947833,0.6554440728353784,0.588246983121125,1.0,0.8807641557210419,0.19351191305747711,0.781532054302466,0.7309204652044448,0.010309937713023324,0.5276375875683518,0.6776004804244088,0.023643884893751955,0.5529196249710486,False,False,False,False,False,False,False,False,False,False,False,False,False,False
47,0X00 On The Next To Last Position (|Pms| = 1),ExtraTreeClassifier,0.4786,0.0643,0.44,0.181,0.4776,0.0973,-0.0221,0.1321,-0.0226,0.1387,-0.0208,0.1331,1.0,0.8068807377037599,1.0,0.7696349142250342,1.0,0.9365378760236889,0.09209473726714737,0.8126774107747131,0.8548669596740237,0.0018958419839849967,0.5884587777560972,1.0,0.008848773653994606,0.5139304151307518,False,False,False,False,False,False,False,False,False,False,False,False,False,False
48,0X00 On The Next To Last Position (|Pms| = 1),RandomForestClassifier,0.4821,0.0624,0.5467,0.0567,0.4633,0.0885,-0.0605,0.139,-0.062,0.1421,-0.0583,0.1397,0.7657182030693399,0.3925977297817106,0.6743961352657011,0.6644079080907731,1.0,0.9671380879581245,0.09461101857814398,0.7936262680709445,0.9245556023999482,0.002006813030551491,0.5508918567399579,1.0,0.013911159339847831,0.4383887362031065,False,False,False,False,False,False,False,False,False,False,False,False,False,False
49,0X00 On The Next To Last Position (|Pms| = 1),ExtraTreesClassifier,0.4571,0.0901,0.4893,0.1425,0.451,0.0567,-0.0892,0.1524,-0.0979,0.1659,-0.0937,0.1595,0.7738613310538257,0.14684734318373113,0.581798485984784,0.6061263428096115,1.0,0.7324312802449982,0.13215849225477982,0.6333999595880703,0.4383483745315456,0.004174544596885213,0.28575630190087475,0.5512556812735369,0.005859375,0.1823551262273918,False,False,False,False,False,False,False,False,False,False,False,False,False,False
50,0X00 On The Next To Last Position (|Pms| = 1),AdaBoostClassifier,0.5143,0.0848,0.6165,0.0801,0.4711,0.0718,-0.0325,0.1771,-0.035,0.1908,-0.0312,0.1701,0.76466430384788,0.597650143537619,0.416425120772947,0.5704778274626169,1.0,0.7919700004763269,0.40219613043197444,0.8650351553843295,0.5476793540485627,0.07398274707182734,0.6969993335485691,0.574934084570652,0.1051719513086604,0.5497407813821054,False,False,False,False,False,False,False,False,False,False,False,False,False,False
51,0X00 On The Next To Last Position (|Pms| = 1),GradientBoostingClassifier,0.5643,0.0674,0.6522,0.0581,0.5557,0.1057,0.0754,0.1559,0.0781,0.1794,0.075,0.148,0.29220769266146596,0.19220596994074052,0.5681349580259254,0.5740977271035157,1.0,0.2843812585084494,0.8930354890514565,0.5759159482029002,0.027944869412697,0.7577400727729553,0.21488797197742016,0.041558707296959874,1.0,0.258294311186267,False,False,False,False,False,False,False,False,False,False,False,False,False,False
52,Correctly Formatted Pkcs#1 Message  (|Pms| = 47),RandomClassifier,0.5077,0.0803,0.5114,0.095,0.5,0.0,0.019,0.1574,0.0192,0.1616,0.019,0.16,0.5450087364971055,0.8038036755202773,0.6950975905236237,0.6799679633867277,1.0,1.0,0.629113251632225,0.9331725403594404,1.0,0.280021615480964,0.8472585919066599,1.0,0.35976606463568694,0.845703125,False,False,False,False,False,False,False,False,False,False,False,False,False,False
53,Correctly Formatted Pkcs#1 Message  (|Pms| = 47),MajorityVoting,0.5385,0.0,0.7,0.0,0.5,0.0,0.0,0.0,0.0,0.0,0.0,0.0,1.0,1.0,1.0,1.0,1.0,0.629113251632225,1.0,0.7353018404227669,0.280021615480964,1.0,0.4433318501696607,0.35976606463568694,1.0,0.7172451837847029,False,False,False,False,False,False,False,False,False,False,False,False,False,False
54,Correctly Formatted Pkcs#1 Message  (|Pms| = 47),PriorClassifier,0.5154,0.0863,0.5238,0.1069,0.5,0.0,0.0319,0.1707,0.0324,0.177,0.0321,0.1733,0.7635823006471779,0.6207447290472743,0.5559725400457667,0.5832289675595638,1.0,0.9331725403594404,0.7353018404227669,1.0,0.8472585919066599,0.4433318501696607,1.0,0.76953125,0.7172451837847029,1.0,False,False,False,False,False,False,False,False,False,False,False,False,False,False
55,Correctly Formatted Pkcs#1 Message  (|Pms| = 47),LogisticRegression,0.4692,0.0765,0.417,0.2102,0.472,0.0841,-0.0524,0.1394,-0.0558,0.1623,-0.0548,0.1382,1.0,0.3849752622373498,0.6968299905774659,0.6211654327634941,1.0,0.6071321264615318,0.2681330223701853,0.46231810421275454,0.25175947606701293,0.023856384540122056,0.11137324638262762,0.40023614435907173,0.07402254292538106,0.12254568572638518,False,False,False,False,False,False,False,False,False,False,False,False,False,False
56,Correctly Formatted Pkcs#1 Message  (|Pms| = 47),SGDClassifier,0.4808,0.0577,0.465,0.178,0.4688,0.1012,-0.0379,0.1118,-0.0393,0.1125,-0.0381,0.1123,0.7625543976065121,0.6188519449655442,1.0,0.8358217795127206,1.0,0.5707447661192422,0.22431032593405897,0.640014468789571,0.20914542219471258,0.014956363910414243,0.2947481951633028,0.43667663367489107,0.01868339546299768,0.3087603135275324,False,False,False,False,False,False,False,False,False,False,False,False,False,False
57,Correctly Formatted Pkcs#1 Message  (|Pms| = 47),RidgeClassifier,0.4731,0.0689,0.544,0.0973,0.4262,0.0791,-0.077,0.1342,-0.0813,0.1364,-0.0762,0.1334,0.5466947590669828,0.24287123244795666,0.8414187643020596,0.7501763359806164,1.0,0.6818747717389986,0.24699126557456533,0.6710057941312035,0.35567333592051353,0.01919715545392497,0.3391892901621027,0.37341957891194966,0.019332092435874835,0.44046508860298905,False,False,False,False,False,False,False,False,False,False,False,False,False,False
58,Correctly Formatted Pkcs#1 Message  (|Pms| = 47),LinearSVC,0.4385,0.0897,0.5135,0.144,0.4065,0.125,-0.1497,0.1634,-0.1772,0.1664,-0.1488,0.1661,1.0,0.012702615456807922,0.8507470722842906,0.6560710728227217,1.0,0.3759795409370358,0.17975059831934434,0.4740281445660348,0.060898383005046165,0.008602205784496525,0.11995938274605214,0.07894833771600107,0.00855097923712533,0.1091212854742424,False,False,False,False,False,False,False,False,False,False,False,False,False,False
59,Correctly Formatted Pkcs#1 Message  (|Pms| = 47),DecisionTreeClassifier,0.4962,0.101,0.5577,0.0992,0.483,0.1369,-0.0276,0.2058,-0.0217,0.2184,-0.0262,0.2071,0.727906622971852,0.7017915756626494,0.45273926504240125,0.5243884775878314,1.0,0.9132587643865713,0.5977899995039949,0.8585189168247602,0.8025360105396491,0.24032534938015326,0.6831088136440141,0.8585862013366392,0.3603613229883825,0.40652926629258523,False,False,False,False,False,False,False,False,False,False,False,False,False,False
60,Correctly Formatted Pkcs#1 Message  (|Pms| = 47),ExtraTreeClassifier,0.4577,0.0676,0.4663,0.1666,0.439,0.0705,-0.0945,0.1184,-0.0993,0.1173,-0.0952,0.1187,1.0,0.13342844363435538,1.0,0.8175916004845873,1.0,0.5588522815917614,0.1534569914102139,0.4970663371032573,0.19632768154134062,0.005894292344515332,0.13818475535118327,0.2620327985527309,0.013676686898827136,0.10546875,False,False,False,False,False,False,False,False,False,False,False,False,False,False
61,Correctly Formatted Pkcs#1 Message  (|Pms| = 47),RandomForestClassifier,0.5154,0.0462,0.5432,0.0811,0.4929,0.067,0.0254,0.0872,0.0243,0.0902,0.025,0.0872,0.7402103845482999,0.7095076701119174,0.8563440570736307,0.8462694844528201,1.0,0.8740359448526227,0.5304277276013274,0.9999999999999998,0.7163448902227338,0.1678506560570748,0.9999999999999997,0.798431964808643,0.18831268948891666,1.0,False,False,False,False,False,False,False,False,False,False,False,False,False,False
62,Correctly Formatted Pkcs#1 Message  (|Pms| = 47),ExtraTreesClassifier,0.4538,0.1099,0.4651,0.1663,0.4741,0.0923,-0.0943,0.2083,-0.1035,0.2236,-0.0964,0.2103,0.7635823006471779,0.13578793838953018,0.42682729842509054,0.4283696325212009,1.0,0.6302168572195304,0.34117091347355466,0.6080507349336093,0.28149103036347106,0.04620154152566575,0.25290233669737144,0.375,0.083984375,0.23613697022165292,False,False,False,False,False,False,False,False,False,False,False,False,False,False
63,Correctly Formatted Pkcs#1 Message  (|Pms| = 47),AdaBoostClassifier,0.5269,0.1004,0.5584,0.1243,0.5551,0.0769,0.0463,0.1912,0.0652,0.2143,0.044,0.1905,0.7279066229718539,0.5307740544524506,0.5724525508143758,0.5036287211240773,1.0,0.8666054730489812,0.8840655535058664,0.9264613833688512,0.7003614100536955,0.7381066516502068,0.8321269898606534,0.6749867139704893,1.0,0.811892226523236,False,False,False,False,False,False,False,False,False,False,False,False,False,False
64,Correctly Formatted Pkcs#1 Message  (|Pms| = 47),GradientBoostingClassifier,0.4462,0.0976,0.4765,0.136,0.4509,0.108,-0.1157,0.1916,-0.1177,0.2082,-0.1167,0.1884,0.76111299728579,0.0620174253726188,0.32918293175393776,0.39694575312962693,1.0,0.5985641987227353,0.24843146655422968,0.5175142812261441,0.24125988590380434,0.01949209676196214,0.1558963504698838,0.18343061898217816,0.11190551404838492,0.193359375,False,False,False,False,False,False,False,False,False,False,False,False,False,False
65,Correctly Formatted Pkcs#1 Pms Message  But 1 Byte Shorter,RandomClassifier,0.512,0.0835,0.5106,0.0826,0.5,0.0,0.0253,0.1681,0.0278,0.1731,0.0256,0.169,1.0,0.705416491284714,0.6916327904159367,0.6379723862084881,1.0,1.0,0.9032830184481928,0.7305662728942306,1.0,0.7803523356242348,0.435126877966198,1.0,0.8320040285726364,0.23283022227880235,False,False,False,False,False,False,False,False,False,False,False,False,False,False
66,Correctly Formatted Pkcs#1 Pms Message  But 1 Byte Shorter,MajorityVoting,0.52,0.0,0.6842,0.0,0.5,0.0,0.0,0.0,0.0,0.0,0.0,0.0,1.0,1.0,1.0,1.0,1.0,0.9032830184481928,1.0,0.62191619591574,0.7803523356242348,1.0,0.2705574373793852,0.8320040285726364,1.0,0.2684524217123466,False,False,False,False,False,False,False,False,False,False,False,False,False,False
67,Correctly Formatted Pkcs#1 Pms Message  But 1 Byte Shorter,PriorClassifier,0.484,0.092,0.514,0.0943,0.5,0.0,-0.0363,0.1853,-0.0376,0.1888,-0.0359,0.1857,0.19931885546796396,0.6118323753690916,0.5392365825048558,0.6276522316020229,1.0,0.7305662728942306,0.62191619591574,1.0,0.435126877966198,0.2705574373793852,1.0,0.23283022227880235,0.2684524217123466,1.0,False,False,False,False,False,False,False,False,False,False,False,False,False,False
68,Correctly Formatted Pkcs#1 Pms Message  But 1 Byte Shorter,LogisticRegression,1.0,0.0,1.0,0.0,1.0,0.0,1.0,0.0,1.0,0.0,1.0,0.0,4.087260223157657e-12,1.3381370882176795e-74,1.9229659827317664e-07,1.9229659827317664e-07,1.9229659827317663e-06,3.244670167436321e-05,8.795631966016186e-139,4.474448938269834e-05,2.896833506710992e-08,4.901177947069365e-142,4.143920569902559e-08,0.001953125,0.001953125,0.001953125,True,True,True,True,True,True,True,True,True,True,True,False,False,False
69,Correctly Formatted Pkcs#1 Pms Message  But 1 Byte Shorter,SGDClassifier,1.0,0.0,1.0,0.0,1.0,0.0,1.0,0.0,1.0,0.0,1.0,0.0,4.087260223157657e-12,1.3381370882176795e-74,1.9229659827317664e-07,1.9229659827317664e-07,1.9229659827317663e-06,3.244670167436321e-05,8.795631966016186e-139,4.474448938269834e-05,2.896833506710992e-08,4.901177947069365e-142,4.143920569902559e-08,0.001953125,0.001953125,0.001953125,True,True,True,True,True,True,True,True,True,True,True,False,False,False
70,Correctly Formatted Pkcs#1 Pms Message  But 1 Byte Shorter,RidgeClassifier,1.0,0.0,1.0,0.0,1.0,0.0,1.0,0.0,1.0,0.0,1.0,0.0,3.7156911119615035e-12,1.3381370882176795e-74,1.9229659827317664e-07,1.9229659827317664e-07,1.9229659827317663e-06,3.244670167436321e-05,8.795631966016186e-139,4.474448938269834e-05,2.896833506710992e-08,4.901177947069365e-142,4.143920569902559e-08,0.001953125,0.001953125,0.001953125,True,True,True,True,True,True,True,True,True,True,True,False,False,False
71,Correctly Formatted Pkcs#1 Pms Message  But 1 Byte Shorter,LinearSVC,1.0,0.0,1.0,0.0,1.0,0.0,1.0,0.0,1.0,0.0,1.0,0.0,4.087260223157657e-12,1.3381370882176795e-74,1.9229659827317664e-07,1.9229659827317664e-07,1.9229659827317663e-06,3.244670167436321e-05,8.795631966016186e-139,4.474448938269834e-05,2.896833506710992e-08,4.901177947069365e-142,4.143920569902559e-08,0.001953125,0.001953125,0.001953125,True,True,True,True,True,True,True,True,True,True,True,False,False,False
72,Correctly Formatted Pkcs#1 Pms Message  But 1 Byte Shorter,DecisionTreeClassifier,0.724,0.1837,0.7373,0.2349,0.7433,0.2014,0.4425,0.3683,0.4505,0.382,0.4391,0.368,4.087260223157657e-12,6.36660952654312e-13,0.009513393458069716,0.23685102782531792,0.04937070938215097,0.2282260221269019,0.18123815100813007,0.11235157214934424,0.015635980986914093,0.008776672124868237,0.002905806938735552,0.03781375300840646,0.024265276173783466,0.005859375,True,True,True,False,False,False,False,False,False,True,True,False,False,False
73,Correctly Formatted Pkcs#1 Pms Message  But 1 Byte Shorter,ExtraTreeClassifier,0.86,0.1718,0.8503,0.2068,0.8846,0.1645,0.7211,0.34,0.7285,0.3392,0.7205,0.3405,0.00013983508198241876,1.7688278199034472e-32,5.3939195815626124e-05,0.11526729227159971,0.00027017672057381357,0.06658543472162416,0.02958956445507375,0.026518857939137545,0.0009785301243168054,0.00021891482033652108,0.00018137379795630764,0.00390625,0.00390625,0.001953125,True,True,True,False,True,False,False,False,True,True,True,False,False,False
74,Correctly Formatted Pkcs#1 Pms Message  But 1 Byte Shorter,RandomForestClassifier,1.0,0.0,1.0,0.0,1.0,0.0,1.0,0.0,1.0,0.0,1.0,0.0,4.087260223157657e-12,1.3381370882176795e-74,1.9229659827317664e-07,1.9229659827317664e-07,1.9229659827317663e-06,3.244670167436321e-05,8.795631966016186e-139,4.474448938269834e-05,2.896833506710992e-08,4.901177947069365e-142,4.143920569902559e-08,0.001953125,0.001953125,0.001953125,True,True,True,True,True,True,True,True,True,True,True,False,False,False
75,Correctly Formatted Pkcs#1 Pms Message  But 1 Byte Shorter,ExtraTreesClassifier,1.0,0.0,1.0,0.0,1.0,0.0,1.0,0.0,1.0,0.0,1.0,0.0,3.7156911119615035e-12,1.3381370882176795e-74,1.9229659827317664e-07,1.9229659827317664e-07,1.9229659827317663e-06,3.244670167436321e-05,8.795631966016186e-139,4.474448938269834e-05,2.896833506710992e-08,4.901177947069365e-142,4.143920569902559e-08,0.001953125,0.001953125,0.001953125,True,True,True,True,True,True,True,True,True,True,True,False,False,False
76,Correctly Formatted Pkcs#1 Pms Message  But 1 Byte Shorter,AdaBoostClassifier,1.0,0.0,1.0,0.0,1.0,0.0,1.0,0.0,1.0,0.0,1.0,0.0,4.087260223157657e-12,1.3381370882176795e-74,1.9229659827317664e-07,1.9229659827317664e-07,1.9229659827317663e-06,3.244670167436321e-05,8.795631966016186e-139,4.474448938269834e-05,2.896833506710992e-08,4.901177947069365e-142,4.143920569902559e-08,0.001953125,0.001953125,0.001953125,True,True,True,True,True,True,True,True,True,True,True,False,False,False
77,Correctly Formatted Pkcs#1 Pms Message  But 1 Byte Shorter,GradientBoostingClassifier,1.0,0.0,1.0,0.0,1.0,0.0,1.0,0.0,1.0,0.0,1.0,0.0,4.087260223157657e-12,1.3381370882176795e-74,1.9229659827317664e-07,1.9229659827317664e-07,1.9229659827317663e-06,3.244670167436321e-05,8.795631966016186e-139,4.474448938269834e-05,2.896833506710992e-08,4.901177947069365e-142,4.143920569902559e-08,0.001953125,0.001953125,0.001953125,True,True,True,True,True,True,True,True,True,True,True,False,False,False
78,Invalid Tls Version In Pms,RandomClassifier,0.5,0.0951,0.5126,0.0917,0.5,0.0,-0.0012,0.1921,0.0002,0.1971,-0.0006,0.1931,0.7513167417397074,1.0,0.8475487952618117,0.6751914889525605,1.0,1.0,0.789910014929333,0.8846935247862879,1.0,0.543696044664076,0.739476048047679,1.0,0.5293681061847979,0.6349917907446545,False,False,False,False,False,False,False,False,False,False,False,False,False,False
79,Invalid Tls Version In Pms,MajorityVoting,0.52,0.0,0.6842,0.0,0.5,0.0,0.0,0.0,0.0,0.0,0.0,0.0,1.0,1.0,1.0,1.0,1.0,0.789910014929333,1.0,0.6152503400444287,0.543696044664076,1.0,0.26197483832274426,0.5293681061847979,1.0,0.275390625,False,False,False,False,False,False,False,False,False,False,False,False,False,False
80,Invalid Tls Version In Pms,PriorClassifier,0.484,0.0902,0.5134,0.076,0.5,0.0,-0.0359,0.1845,-0.0379,0.1873,-0.0353,0.1838,1.0,0.6125898912190053,0.6839332346210802,0.6259610791685097,1.0,0.8846935247862879,0.6152503400444287,1.0,0.739476048047679,0.26197483832274426,1.0,0.6349917907446545,0.275390625,1.0,False,False,False,False,False,False,False,False,False,False,False,False,False,False
81,Invalid Tls Version In Pms,LogisticRegression,0.512,0.064,0.4477,0.1317,0.5276,0.094,0.0324,0.1267,0.0444,0.1362,0.0327,0.1271,0.3498866999613087,0.6067428928242462,1.0,0.8105249312539662,1.0,0.878642597053068,0.8740359448526223,0.6509409751705053,0.7263142108887262,0.716344890222733,0.30998232489004846,0.7246620479349835,0.7301661743379914,0.5281061253470647,False,False,False,False,False,False,False,False,False,False,False,False,False,False
82,Invalid Tls Version In Pms,SGDClassifier,0.484,0.0605,0.4665,0.0924,0.4801,0.1055,-0.0286,0.1192,-0.0305,0.1226,-0.0288,0.1199,1.0,0.7036484966755517,1.0,0.8043212891563949,1.0,0.8580331691875602,0.4576228300803865,1.0,0.6820773542761284,0.10805524234601943,0.9999999999999999,0.553403856847181,0.10516238594487679,0.6778684441068372,False,False,False,False,False,False,False,False,False,False,False,False,False,False
83,Invalid Tls Version In Pms,RidgeClassifier,0.472,0.0776,0.5004,0.0797,0.5064,0.0991,-0.0596,0.1551,-0.0572,0.16,-0.0596,0.1543,0.20816092687277565,0.3749398637462853,0.6950975905236245,0.6690730919370037,1.0,0.7036747242302155,0.44018293298443645,0.8676224045325827,0.39012438698008167,0.09634000276409359,0.7025416581076387,0.6720517686591893,0.06700777475427472,0.8109044128826035,False,False,False,False,False,False,False,False,False,False,False,False,False,False
84,Invalid Tls Version In Pms,LinearSVC,0.464,0.0742,0.4943,0.1054,0.5237,0.095,-0.0769,0.1467,-0.0783,0.1492,-0.0769,0.1461,1.0,0.2516995982209249,0.6916327904159373,0.6706570005576603,1.0,0.7028407252870079,0.35038091530486937,0.8596107363308568,0.3887725979754769,0.049809851951817044,0.6854292814321183,0.4921875,0.048828125,0.6236388261276493,False,False,False,False,False,False,False,False,False,False,False,False,False,False
85,Invalid Tls Version In Pms,DecisionTreeClassifier,0.52,0.0759,0.5151,0.0882,0.5337,0.076,0.0414,0.1525,0.0425,0.1535,0.0417,0.1526,0.5302649566194424,0.5286375995736581,0.8475487952618123,0.7345165663519415,1.0,0.8274232881021815,1.0,0.7581782361406106,0.6182805203446778,0.9999999999999998,0.48411411782108005,0.7789060199126654,0.9321614961189602,0.6781357416657017,False,False,False,False,False,False,False,False,False,False,False,False,False,False
86,Invalid Tls Version In Pms,ExtraTreeClassifier,0.52,0.1226,0.4703,0.1739,0.5106,0.1413,0.0471,0.2394,0.0528,0.2642,0.0468,0.2426,0.10012186689524626,0.5210065430329645,0.4109839816933647,0.45265057785127827,1.0,0.8331400642040285,0.9999999999999999,0.7391230819353002,0.6300076308805542,0.9999999999999997,0.45001266073372814,0.574463596576186,1.0,0.4760334929424296,False,False,False,False,False,False,False,False,False,False,False,False,False,False
87,Invalid Tls Version In Pms,RandomForestClassifier,0.464,0.1076,0.489,0.1371,0.4647,0.1364,-0.0754,0.2111,-0.0754,0.2176,-0.0763,0.2103,0.21671960015329556,0.25283010635656555,0.4283079822317941,0.4474331288579507,1.0,0.7962214133676841,0.5142574551398162,0.8513861074767789,0.5559429397335125,0.1529763091824688,0.668019933698283,0.7220491421508173,0.130859375,0.6953125,False,False,False,False,False,False,False,False,False,False,False,False,False,False
88,Invalid Tls Version In Pms,ExtraTreesClassifier,0.504,0.1031,0.5149,0.1529,0.4702,0.1155,0.004,0.2028,0.0258,0.2265,0.0032,0.2019,0.7337176188474372,1.0,0.6188819875776401,0.5180888025690831,1.0,0.9713529857803793,0.8439869654619063,0.8473898955554129,0.9342097170313662,0.6525010152046617,0.6596210868623136,1.0,0.625,0.4921875,False,False,False,False,False,False,False,False,False,False,False,False,False,False
89,Invalid Tls Version In Pms,AdaBoostClassifier,0.616,0.0367,0.6319,0.0587,0.6314,0.0512,0.2297,0.0737,0.2344,0.0725,0.2295,0.0738,0.15891689062420739,0.0003649492492001112,0.324363979001212,0.36786646924215927,1.0,0.127798559342111,0.007664605159617578,0.08119819856728691,0.003869426154708693,2.5588242922367914e-05,0.0014592808522355812,0.005859375,0.001953125,0.001953125,False,True,False,False,False,False,False,False,False,True,False,False,False,False
90,Invalid Tls Version In Pms,GradientBoostingClassifier,0.54,0.1217,0.5297,0.1165,0.5849,0.1228,0.0823,0.2451,0.0871,0.2494,0.0833,0.2461,1.0,0.2053150014494975,0.30800242293713853,0.3992806568851798,1.0,0.7615444968411025,0.8349230350110282,0.6488085376750898,0.4902722393178045,0.6336834444010593,0.3069719947096816,0.6340948290500781,0.811892226523236,0.275390625,False,False,False,False,False,False,False,False,False,False,False,False,False,False
91,No 0X00 In Message,RandomClassifier,0.4607,0.0896,0.4991,0.1087,0.5,0.0,-0.0824,0.1676,-0.0858,0.172,-0.0854,0.1712,1.0,0.18393378018417714,0.5716945817228487,0.6043133408969996,1.0,1.0,0.1412259820804735,0.9656598041203522,1.0,0.004858850658229176,0.9211720656164523,1.0,0.01488986083365417,0.9525147320732295,False,False,False,False,False,False,False,False,False,False,False,False,False,False
92,No 0X00 In Message,MajorityVoting,0.5714,0.0,0.7273,0.0,0.5,0.0,0.0,0.0,0.0,0.0,0.0,0.0,1.0,1.0,1.0,1.0,1.0,0.1412259820804735,1.0,0.19970355412802127,0.004858850658229176,1.0,0.011149250013332942,0.01488986083365417,1.0,0.023767701926011343,False,False,False,False,False,False,False,False,False,False,False,False,False,False
93,No 0X00 In Message,PriorClassifier,0.4643,0.101,0.514,0.1185,0.5,0.0,-0.0855,0.1956,-0.0887,0.197,-0.0875,0.1958,0.36400126703274294,0.1817426833821654,0.4431994308020696,0.516205859918338,1.0,0.9656598041203522,0.19970355412802127,1.0,0.9211720656164523,0.011149250013332942,1.0,0.9525147320732295,0.023767701926011343,1.0,False,False,False,False,False,False,False,False,False,False,False,False,False,False
94,No 0X00 In Message,LogisticRegression,1.0,0.0,1.0,0.0,1.0,0.0,1.0,0.0,1.0,0.0,1.0,0.0,1.7830928185861781e-13,1.8804337655382797e-82,3.287121338003017e-08,3.287121338003017e-08,3.287121338003017e-07,2.557503368553885e-05,4.763863313146307e-141,6.910046162898128e-05,2.2261668419060972e-08,2.654561025683988e-144,6.757326501964103e-08,0.001953125,0.001953125,0.001953125,True,True,True,True,True,True,True,True,True,True,True,False,False,False
95,No 0X00 In Message,SGDClassifier,0.9929,0.0214,0.9938,0.0188,0.9995,0.0016,0.9854,0.0438,0.9854,0.0438,0.9854,0.0438,1.7830928185861781e-13,3.610620873210116e-78,3.287121338003017e-08,6.639985102766106e-07,3.287121338003017e-07,1.2159327401910421e-05,9.978185026698354e-10,7.515218605452479e-05,9.864007373336705e-09,5.815875260715297e-13,7.431867968713142e-08,0.001953125,0.001953125,0.001953125,True,True,True,True,True,True,True,True,True,True,True,False,False,False
96,No 0X00 In Message,RidgeClassifier,1.0,0.0,1.0,0.0,1.0,0.0,1.0,0.0,1.0,0.0,1.0,0.0,1.7830928185861781e-13,1.8804337655382797e-82,3.287121338003017e-08,3.287121338003017e-08,3.287121338003017e-07,2.557503368553885e-05,4.763863313146307e-141,6.910046162898128e-05,2.2261668419060972e-08,2.654561025683988e-144,6.757326501964103e-08,0.001953125,0.001953125,0.001953125,True,True,True,True,True,True,True,True,True,True,True,False,False,False
97,No 0X00 In Message,LinearSVC,1.0,0.0,1.0,0.0,1.0,0.0,1.0,0.0,1.0,0.0,1.0,0.0,1.7830928185861781e-13,1.8804337655382797e-82,3.287121338003017e-08,3.287121338003017e-08,3.287121338003017e-07,2.557503368553885e-05,4.763863313146307e-141,6.910046162898128e-05,2.2261668419060972e-08,2.654561025683988e-144,6.757326501964103e-08,0.001953125,0.001953125,0.001953125,True,True,True,True,True,True,True,True,True,True,True,False,False,False
98,No 0X00 In Message,DecisionTreeClassifier,0.7036,0.2225,0.6338,0.3668,0.7508,0.2268,0.427,0.4105,0.4325,0.4162,0.4208,0.4073,1.7830928185861781e-13,2.6039552179370616e-12,0.035416447867652745,0.37623241985874906,0.18537973894011114,0.2783694977471813,0.4582194013631168,0.24234304844659024,0.026378306546568045,0.10847290878263148,0.01826674637083229,0.037109375,0.083984375,0.024265276173783466,True,True,False,False,False,False,False,False,False,False,False,False,False,False
99,No 0X00 In Message,ExtraTreeClassifier,0.8893,0.1873,0.8866,0.1984,0.9315,0.16,0.7832,0.3619,0.7947,0.3583,0.7812,0.3615,0.000823243810504503,8.50034007527743e-43,3.287121338003017e-08,0.0449391233346006,3.287121338003017e-07,0.019998981626766867,0.054003645065777116,0.03478475381608621,0.0001131826945274662,0.0006517968843358132,0.0002906100893609178,0.009090698015925054,0.005859375,0.00390625,True,True,True,False,True,False,False,False,True,True,True,False,False,False
100,No 0X00 In Message,RandomForestClassifier,0.9964,0.0107,0.997,0.0091,1.0,0.0,0.9926,0.0221,0.9929,0.0213,0.9917,0.025,1.7830928185861781e-13,3.027498362516507e-80,3.287121338003017e-08,8.546515478807859e-08,3.287121338003017e-07,2.234135819987199e-05,1.883459302411283e-12,6.247050396379194e-05,1.9181091239640057e-08,1.0612540963439885e-15,6.029189651691143e-08,0.001953125,0.001953125,0.001953125,True,True,True,True,True,True,True,True,True,True,True,False,False,False
101,No 0X00 In Message,ExtraTreesClassifier,1.0,0.0,1.0,0.0,1.0,0.0,1.0,0.0,1.0,0.0,1.0,0.0,1.7830928185861781e-13,1.8804337655382797e-82,3.287121338003017e-08,3.287121338003017e-08,3.287121338003017e-07,2.557503368553885e-05,4.763863313146307e-141,6.910046162898128e-05,2.2261668419060972e-08,2.654561025683988e-144,6.757326501964103e-08,0.001953125,0.001953125,0.001953125,True,True,True,True,True,True,True,True,True,True,True,False,False,False
102,No 0X00 In Message,AdaBoostClassifier,1.0,0.0,1.0,0.0,1.0,0.0,1.0,0.0,1.0,0.0,1.0,0.0,1.7830928185861781e-13,1.8804337655382797e-82,3.287121338003017e-08,3.287121338003017e-08,3.287121338003017e-07,2.557503368553885e-05,4.763863313146307e-141,6.910046162898128e-05,2.2261668419060972e-08,2.654561025683988e-144,6.757326501964103e-08,0.001953125,0.001953125,0.001953125,True,True,True,True,True,True,True,True,True,True,True,False,False,False
103,No 0X00 In Message,GradientBoostingClassifier,0.9964,0.0107,0.997,0.0091,1.0,0.0,0.9926,0.0221,0.9929,0.0213,0.9917,0.025,1.7830928185861781e-13,3.027498362516507e-80,3.287121338003017e-08,8.546515478807859e-08,3.287121338003017e-07,2.8882704588218003e-05,1.883459302411283e-12,5.077776735144921e-05,2.5464056372213852e-08,1.0612540963439885e-15,4.7748783785207906e-08,0.001953125,0.001953125,0.001953125,True,True,True,True,True,True,True,True,True,True,True,False,False,False
104,Wrong First Byte (0X00 Set To 0X17),RandomClassifier,0.4875,0.1318,0.5252,0.1293,0.5,0.0,-0.025,0.2637,-0.0247,0.2679,-0.025,0.2637,0.20492715519073218,0.7932080731853399,1.0,0.6715737553602678,1.0,1.0,0.9042485813135339,0.7933502941957975,1.0,0.7824924012588335,0.5503559696870497,1.0,1.0,0.5933057333639251,False,False,False,False,False,False,False,False,False,False,False,False,False,False
105,Wrong First Byte (0X00 Set To 0X17),MajorityVoting,0.5,0.0,0.6667,0.0,0.5,0.0,0.0,0.0,0.0,0.0,0.0,0.0,1.0,1.0,1.0,1.0,1.0,0.9042485813135339,1.0,0.7199387645543052,0.7824924012588335,1.0,0.41701627693467225,1.0,1.0,0.40652926629258523,False,False,False,False,False,False,False,False,False,False,False,False,False,False
106,Wrong First Byte (0X00 Set To 0X17),PriorClassifier,0.5333,0.1176,0.5362,0.1412,0.5,0.0,0.0667,0.2351,0.071,0.2403,0.0667,0.2351,0.7511863074565588,0.36559224412855,0.6822224753305652,0.6127247096691169,1.0,0.7933502941957975,0.7199387645543052,1.0,0.5503559696870497,0.41701627693467225,1.0,0.5933057333639251,0.40652926629258523,1.0,False,False,False,False,False,False,False,False,False,False,False,False,False,False
107,Wrong First Byte (0X00 Set To 0X17),LogisticRegression,1.0,0.0,1.0,0.0,1.0,0.0,1.0,0.0,1.0,0.0,1.0,0.0,1.450888910384965e-11,2.2001332500151696e-71,7.396023010506786e-07,7.396023010506785e-07,7.396023010506786e-06,0.000669224255260587,1.0,0.0005793392468115885,9.810913072947617e-07,1.0,8.214299537624266e-07,0.001953125,0.001953125,0.001953125,True,True,True,True,True,True,False,True,True,False,True,False,False,False
108,Wrong First Byte (0X00 Set To 0X17),SGDClassifier,1.0,0.0,1.0,0.0,1.0,0.0,1.0,0.0,1.0,0.0,1.0,0.0,1.450888910384965e-11,2.2001332500151696e-71,7.396023010506786e-07,7.396023010506785e-07,7.396023010506786e-06,0.000669224255260587,1.0,0.0005793392468115885,9.810913072947617e-07,1.0,8.214299537624266e-07,0.001953125,0.001953125,0.001953125,True,True,True,True,True,True,False,True,True,False,True,False,False,False
109,Wrong First Byte (0X00 Set To 0X17),RidgeClassifier,1.0,0.0,1.0,0.0,1.0,0.0,1.0,0.0,1.0,0.0,1.0,0.0,1.450888910384965e-11,2.2001332500151696e-71,7.396023010506786e-07,7.396023010506785e-07,7.396023010506786e-06,0.000669224255260587,1.0,0.0005793392468115885,9.810913072947617e-07,1.0,8.214299537624266e-07,0.001953125,0.001953125,0.001953125,True,True,True,True,True,True,False,True,True,False,True,False,False,False
110,Wrong First Byte (0X00 Set To 0X17),LinearSVC,1.0,0.0,1.0,0.0,1.0,0.0,1.0,0.0,1.0,0.0,1.0,0.0,1.450888910384965e-11,2.2001332500151696e-71,7.396023010506786e-07,7.396023010506785e-07,7.396023010506786e-06,0.000669224255260587,1.0,0.0005793392468115885,9.810913072947617e-07,1.0,8.214299537624266e-07,0.001953125,0.001953125,0.001953125,True,True,True,True,True,True,False,True,True,False,True,False,False,False
111,Wrong First Byte (0X00 Set To 0X17),DecisionTreeClassifier,0.75,0.2165,0.786,0.1921,0.775,0.2238,0.5,0.433,0.5116,0.4372,0.5,0.433,1.450888910384965e-11,3.196070053938881e-16,0.0029613676134069233,0.33704460837318556,0.015479876160990735,0.0992659718230162,0.16614393722822465,0.3155525562482795,0.0022225983222253173,0.007114629229516661,0.037152392301307006,0.005859375,0.020706216472488822,0.037109375,True,True,True,False,False,False,False,False,True,False,False,False,False,False
112,Wrong First Byte (0X00 Set To 0X17),ExtraTreeClassifier,0.8125,0.1648,0.7748,0.2184,0.8396,0.1541,0.625,0.3297,0.6368,0.3239,0.625,0.3297,0.06483316160735529,1.2045133959130566e-23,0.006307328423360213,0.18997483872971838,0.03170490164029009,0.06544735991836233,0.03534625238152957,0.12311294930429922,0.0009457919155293535,0.0002989882549529226,0.0035581649156252314,0.001953125,0.001953125,0.00390625,False,True,True,False,False,False,False,False,True,True,True,False,False,False
113,Wrong First Byte (0X00 Set To 0X17),RandomForestClassifier,1.0,0.0,1.0,0.0,1.0,0.0,1.0,0.0,1.0,0.0,1.0,0.0,1.450888910384965e-11,2.2001332500151696e-71,7.396023010506786e-07,7.396023010506785e-07,7.396023010506786e-06,0.000669224255260587,1.0,0.0005793392468115885,9.810913072947617e-07,1.0,8.214299537624266e-07,0.001953125,0.001953125,0.001953125,True,True,True,True,True,True,False,True,True,False,True,False,False,False
114,Wrong First Byte (0X00 Set To 0X17),ExtraTreesClassifier,1.0,0.0,1.0,0.0,1.0,0.0,1.0,0.0,1.0,0.0,1.0,0.0,1.450888910384965e-11,2.2001332500151696e-71,7.396023010506786e-07,7.396023010506785e-07,7.396023010506786e-06,0.000669224255260587,1.0,0.0005793392468115885,9.810913072947617e-07,1.0,8.214299537624266e-07,0.001953125,0.001953125,0.001953125,True,True,True,True,True,True,False,True,True,False,True,False,False,False
115,Wrong First Byte (0X00 Set To 0X17),AdaBoostClassifier,1.0,0.0,1.0,0.0,1.0,0.0,1.0,0.0,1.0,0.0,1.0,0.0,1.450888910384965e-11,2.2001332500151696e-71,7.396023010506786e-07,7.396023010506785e-07,7.396023010506786e-06,0.000669224255260587,1.0,0.0005793392468115885,9.810913072947617e-07,1.0,8.214299537624266e-07,0.001953125,0.001953125,0.001953125,True,True,True,True,True,True,False,True,True,False,True,False,False,False
116,Wrong First Byte (0X00 Set To 0X17),GradientBoostingClassifier,1.0,0.0,1.0,0.0,1.0,0.0,1.0,0.0,1.0,0.0,1.0,0.0,1.450888910384965e-11,2.2001332500151696e-71,7.396023010506786e-07,7.396023010506785e-07,7.396023010506786e-06,0.000669224255260587,1.0,0.0005793392468115885,9.810913072947617e-07,1.0,8.214299537624266e-07,0.001953125,0.001953125,0.001953125,True,True,True,True,True,True,False,True,True,False,True,False,False,False
117,Wrong Second Byte (0X02 Set To 0X17),RandomClassifier,0.472,0.0816,0.4326,0.1168,0.5,0.0,-0.0495,0.1604,-0.0527,0.1692,-0.05,0.1622,0.7578617967687,0.4443999656311337,0.68816799030825,0.6435875622560233,1.0,1.0,0.46231810421275443,0.805591542960105,1.0,0.11137324638262758,0.5743560190941981,1.0,0.130859375,0.6749867139704893,False,False,False,False,False,False,False,False,False,False,False,False,False,False
118,Wrong Second Byte (0X02 Set To 0X17),MajorityVoting,0.52,0.0,0.6842,0.0,0.5,0.0,0.0,0.0,0.0,0.0,0.0,0.0,1.0,1.0,1.0,1.0,1.0,0.46231810421275443,1.0,0.612549331020441,0.11137324638262758,1.0,0.2585472008663296,0.130859375,1.0,0.28763603890340084,False,False,False,False,False,False,False,False,False,False,False,False,False,False
119,Wrong Second Byte (0X02 Set To 0X17),PriorClassifier,0.488,0.0796,0.5231,0.0804,0.5,0.0,-0.0293,0.1622,-0.0316,0.1659,-0.0288,0.1612,0.7578617967687,0.7025248583839029,0.695097590523624,0.7019941926427324,1.0,0.805591542960105,0.612549331020441,1.0,0.5743560190941981,0.2585472008663296,1.0,0.6749867139704893,0.28763603890340084,1.0,False,False,False,False,False,False,False,False,False,False,False,False,False,False
120,Wrong Second Byte (0X02 Set To 0X17),LogisticRegression,1.0,0.0,1.0,0.0,1.0,0.0,1.0,0.0,1.0,0.0,1.0,0.0,1.946314391979833e-12,1.3381370882176795e-74,1.9229659827317664e-07,1.9229659827317664e-07,1.9229659827317663e-06,1.4327580879945908e-05,8.795631966016186e-139,1.5055531463115706e-05,1.1792549655382158e-08,4.901177947069365e-142,1.2447440566632908e-08,0.001953125,0.001953125,0.001953125,True,True,True,True,True,True,True,True,True,True,True,False,False,False
121,Wrong Second Byte (0X02 Set To 0X17),SGDClassifier,1.0,0.0,1.0,0.0,1.0,0.0,1.0,0.0,1.0,0.0,1.0,0.0,1.946314391979833e-12,1.3381370882176795e-74,1.9229659827317664e-07,1.9229659827317664e-07,1.9229659827317663e-06,1.4327580879945908e-05,8.795631966016186e-139,1.5055531463115706e-05,1.1792549655382158e-08,4.901177947069365e-142,1.2447440566632908e-08,0.001953125,0.001953125,0.001953125,True,True,True,True,True,True,True,True,True,True,True,False,False,False
122,Wrong Second Byte (0X02 Set To 0X17),RidgeClassifier,1.0,0.0,1.0,0.0,1.0,0.0,1.0,0.0,1.0,0.0,1.0,0.0,1.946314391979833e-12,1.3381370882176795e-74,1.9229659827317664e-07,1.9229659827317664e-07,1.9229659827317663e-06,1.4327580879945908e-05,8.795631966016186e-139,1.5055531463115706e-05,1.1792549655382158e-08,4.901177947069365e-142,1.2447440566632908e-08,0.001953125,0.001953125,0.001953125,True,True,True,True,True,True,True,True,True,True,True,False,False,False
123,Wrong Second Byte (0X02 Set To 0X17),LinearSVC,1.0,0.0,1.0,0.0,1.0,0.0,1.0,0.0,1.0,0.0,1.0,0.0,1.946314391979833e-12,1.3381370882176795e-74,1.9229659827317664e-07,1.9229659827317664e-07,1.9229659827317663e-06,1.4327580879945908e-05,8.795631966016186e-139,1.5055531463115706e-05,1.1792549655382158e-08,4.901177947069365e-142,1.2447440566632908e-08,0.001953125,0.001953125,0.001953125,True,True,True,True,True,True,True,True,True,True,True,False,False,False
124,Wrong Second Byte (0X02 Set To 0X17),DecisionTreeClassifier,0.716,0.2363,0.6855,0.2774,0.7888,0.2167,0.436,0.4683,0.4402,0.4714,0.4359,0.4685,0.0005061684314111617,3.4608081416417598e-12,0.07045362767532641,0.2952501586446937,0.3673711132050073,0.1767597493977993,0.30719265514136423,0.287094598997298,0.008258630609197322,0.03449735604857199,0.028673205635482504,0.014147403886021537,0.048828125,0.037109375,True,True,False,False,False,False,False,False,True,False,False,False,False,False
125,Wrong Second Byte (0X02 Set To 0X17),ExtraTreeClassifier,0.792,0.1418,0.8137,0.1205,0.8417,0.1572,0.5792,0.2909,0.5955,0.2928,0.5782,0.2907,1.946314391979833e-12,3.3266774468564176e-21,0.006407322654462252,0.13021742976366746,0.032860411899313546,0.02244296672110139,0.03365648979775784,0.015332572862948575,0.0001369365592652298,0.0002741501422212671,7.373590271169436e-05,0.001953125,0.009029910762692456,0.001953125,True,True,False,False,False,False,False,False,True,True,True,False,False,False
126,Wrong Second Byte (0X02 Set To 0X17),RandomForestClassifier,1.0,0.0,1.0,0.0,1.0,0.0,1.0,0.0,1.0,0.0,1.0,0.0,1.946314391979833e-12,1.3381370882176795e-74,1.9229659827317664e-07,1.9229659827317664e-07,1.9229659827317663e-06,1.4327580879945908e-05,8.795631966016186e-139,1.5055531463115706e-05,1.1792549655382158e-08,4.901177947069365e-142,1.2447440566632908e-08,0.001953125,0.001953125,0.001953125,True,True,True,True,True,True,True,True,True,True,True,False,False,False
127,Wrong Second Byte (0X02 Set To 0X17),ExtraTreesClassifier,1.0,0.0,1.0,0.0,1.0,0.0,1.0,0.0,1.0,0.0,1.0,0.0,1.946314391979833e-12,1.3381370882176795e-74,1.9229659827317664e-07,1.9229659827317664e-07,1.9229659827317663e-06,1.4327580879945908e-05,8.795631966016186e-139,1.5055531463115706e-05,1.1792549655382158e-08,4.901177947069365e-142,1.2447440566632908e-08,0.001953125,0.001953125,0.001953125,True,True,True,True,True,True,True,True,True,True,True,False,False,False
128,Wrong Second Byte (0X02 Set To 0X17),AdaBoostClassifier,1.0,0.0,1.0,0.0,1.0,0.0,1.0,0.0,1.0,0.0,1.0,0.0,1.946314391979833e-12,1.3381370882176795e-74,1.9229659827317664e-07,1.9229659827317664e-07,1.9229659827317663e-06,1.4327580879945908e-05,8.795631966016186e-139,1.5055531463115706e-05,1.1792549655382158e-08,4.901177947069365e-142,1.2447440566632908e-08,0.001953125,0.001953125,0.001953125,True,True,True,True,True,True,True,True,True,True,True,False,False,False
129,Wrong Second Byte (0X02 Set To 0X17),GradientBoostingClassifier,0.992,0.024,0.9917,0.025,0.9987,0.0038,0.9841,0.0478,0.9852,0.0445,0.9846,0.0462,2.90974001600986e-08,9.876789848133354e-71,1.9229659827317664e-07,2.1921812203142103e-06,1.9229659827317663e-06,2.4244983677701347e-05,9.978185026698354e-10,4.450869279745842e-05,2.098834917016942e-08,5.815875260715277e-13,4.119502239623412e-08,0.001953125,0.001953125,0.001953125,True,True,True,True,True,True,True,True,True,True,True,False,False,False
